id,side,entry_time,exit_time,entry_price,exit_price,sl,tp,pnl,entry_reason
1,LONG,2024-01-09 21:00:00,2024-01-09 21:15:00,47918.36,46496.38,46496.38,50762.32,-100.0,LONG (Close > 200 EMA | EMA9 Bounce | MACD > 0 Cross | ADX=21.9 | Vol > SMA20)
3,LONG,2024-01-21 13:00:00,2024-01-21 15:30:00,41802.0,41711.72,41711.72,41982.55,-100.98,LONG (Close > 200 EMA | EMA9 Bounce | MACD > 0 Cross | ADX=27.1 | Vol > SMA20)
4,SHORT,2024-01-22 09:45:00,2024-01-22 13:00:00,40744.85,41061.3,41061.3,40111.96,-99.97,SHORT (Close < 200 EMA | EMA9 Rejection | MACD < 0 Cross | ADX=31.6 | Vol > SMA20)
6,LONG,2024-01-29 15:45:00,2024-02-01 01:15:00,42641.75,42015.78,42015.78,43893.69,-100.95,LONG (Close > 200 EMA | EMA9 Bounce | MACD > 0 Cross | ADX=22.9 | Vol > SMA20)
7,LONG,2024-02-06 07:45:00,2024-02-06 10:45:00,42890.0,42762.69,42762.69,43144.61,-99.94,LONG (Close > 200 EMA | EMA9 Bounce | MACD > 0 Cross | ADX=15.3 | Vol > SMA20)
10,LONG,2024-02-19 06:00:00,2024-02-19 08:45:00,52342.81,52068.34,52068.34,52891.76,-102.94,LONG (Close > 200 EMA | EMA9 Bounce | MACD > 0 Cross | ADX=17.1 | Vol > SMA20)
11,SHORT,2024-02-23 02:45:00,2024-02-24 17:30:00,51096.39,51503.77,51503.77,50281.63,-101.91,SHORT (Close < 200 EMA | EMA9 Rejection | MACD < 0 Cross | ADX=16.0 | Vol > SMA20)
12,LONG,2024-02-29 08:00:00,2024-02-29 08:15:00,63061.9,62436.8,62436.8,64312.1,-100.89,LONG (Close > 200 EMA | EMA9 Bounce | MACD > 0 Cross | ADX=27.6 | Vol > SMA20)
13,LONG,2024-03-01 12:30:00,2024-03-01 14:30:00,62493.49,61989.83,61989.83,63500.81,-99.88,LONG (Close > 200 EMA | EMA9 Bounce | MACD > 0 Cross | ADX=17.7 | Vol > SMA20)
15,SHORT,2024-03-07 05:30:00,2024-03-07 07:30:00,65737.99,66206.63,66206.63,64800.71,-100.86,SHORT (Close < 200 EMA | EMA9 Rejection | MACD < 0 Cross | ADX=32.3 | Vol > SMA20)
17,SHORT,2024-03-19 07:00:00,2024-03-19 17:00:00,63956.07,65184.74,65184.74,61498.72,-101.85,SHORT (Close < 200 EMA | EMA9 Rejection | MACD < 0 Cross | ADX=46.8 | Vol > SMA20)
18,LONG,2024-03-26 09:15:00,2024-03-26 13:30:00,71029.99,70478.68,70478.68,72132.61,-100.83,LONG (Close > 200 EMA | EMA9 Bounce | MACD > 0 Cross | ADX=16.2 | Vol > SMA20)
19,LONG,2024-03-28 14:15:00,2024-03-28 16:45:00,71042.0,70530.51,70530.51,72064.99,-99.82,LONG (Close > 200 EMA | EMA9 Bounce | MACD > 0 Cross | ADX=25.8 | Vol > SMA20)
20,LONG,2024-03-31 12:00:00,2024-03-31 15:15:00,70544.82,70315.62,70315.62,71003.22,-98.82,LONG (Close > 200 EMA | EMA9 Bounce | MACD > 0 Cross | ADX=25.5 | Vol > SMA20)
21,LONG,2024-03-31 18:30:00,2024-04-01 04:45:00,70948.0,70468.64,70468.64,71906.72,-97.83,LONG (Close > 200 EMA | EMA9 Bounce | MACD > 0 Cross | ADX=21.5 | Vol > SMA20)
22,SHORT,2024-04-02 13:15:00,2024-04-02 14:15:00,64867.99,65645.07,65645.07,63313.84,-96.86,SHORT (Close < 200 EMA | EMA9 Rejection | MACD < 0 Cross | ADX=50.6 | Vol > SMA20)
26,SHORT,2024-04-10 01:00:00,2024-04-10 01:45:00,68871.99,69254.42,69254.42,68107.13,-101.76,SHORT (Close < 200 EMA | EMA9 Rejection | MACD < 0 Cross | ADX=25.2 | Vol > SMA20)
27,SHORT,2024-04-10 12:30:00,2024-04-10 16:30:00,67959.99,69126.91,69126.91,65626.15,-100.74,SHORT (Close < 200 EMA | EMA9 Rejection | MACD < 0 Cross | ADX=20.2 | Vol > SMA20)
28,LONG,2024-04-11 08:30:00,2024-04-11 09:30:00,71123.99,70690.33,70690.33,71991.32,-99.73,LONG (Close > 200 EMA | EMA9 Bounce | MACD > 0 Cross | ADX=30.9 | Vol > SMA20)
29,SHORT,2024-04-11 13:30:00,2024-04-12 04:45:00,69820.0,71090.29,71090.29,67279.41,-98.73,SHORT (Close < 200 EMA | EMA9 Rejection | MACD < 0 Cross | ADX=22.1 | Vol > SMA20)
30,SHORT,2024-04-16 10:15:00,2024-04-16 12:30:00,61899.99,63348.31,63348.31,59003.35,-97.75,SHORT (Close < 200 EMA | EMA9 Rejection | MACD < 0 Cross | ADX=18.5 | Vol > SMA20)
35,SHORT,2024-05-01 15:00:00,2024-05-01 17:45:00,56974.94,57699.7,57699.7,55525.43,-104.75,SHORT (Close < 200 EMA | EMA9 Rejection | MACD < 0 Cross | ADX=29.8 | Vol > SMA20)
40,SHORT,2024-05-08 13:00:00,2024-05-08 13:45:00,61909.69,62375.24,62375.24,60978.59,-112.25,SHORT (Close < 200 EMA | EMA9 Rejection | MACD < 0 Cross | ADX=35.2 | Vol > SMA20)
41,LONG,2024-05-10 06:45:00,2024-05-10 11:15:00,63166.0,62816.65,62816.65,63864.7,-111.13,LONG (Close > 200 EMA | EMA9 Bounce | MACD > 0 Cross | ADX=30.3 | Vol > SMA20)
43,SHORT,2024-05-14 06:00:00,2024-05-15 09:45:00,61783.34,62823.02,62823.02,59703.98,-112.21,SHORT (Close < 200 EMA | EMA9 Rejection | MACD < 0 Cross | ADX=17.0 | Vol > SMA20)
45,LONG,2024-05-17 14:45:00,2024-05-19 19:00:00,66806.66,66192.67,66192.67,68034.64,-113.31,LONG (Close > 200 EMA | EMA9 Bounce | MACD > 0 Cross | ADX=29.9 | Vol > SMA20)
46,LONG,2024-05-20 10:00:00,2024-05-20 13:30:00,67045.17,66776.29,66776.29,67582.93,-112.18,LONG (Close > 200 EMA | EMA9 Bounce | MACD > 0 Cross | ADX=15.7 | Vol > SMA20)
47,LONG,2024-05-21 11:15:00,2024-05-21 13:15:00,71221.21,70995.91,70995.91,71671.81,-111.06,LONG (Close > 200 EMA | EMA9 Bounce | MACD > 0 Cross | ADX=20.7 | Vol > SMA20)
48,LONG,2024-05-23 11:15:00,2024-05-23 12:45:00,69928.7,69592.42,69592.42,70601.25,-109.95,LONG (Close > 200 EMA | EMA9 Bounce | MACD > 0 Cross | ADX=17.7 | Vol > SMA20)
49,SHORT,2024-05-24 13:45:00,2024-05-24 14:15:00,67077.12,67474.07,67474.07,66283.23,-108.85,SHORT (Close < 200 EMA | EMA9 Rejection | MACD < 0 Cross | ADX=15.8 | Vol > SMA20)
50,LONG,2024-05-25 23:00:00,2024-05-26 02:15:00,69294.98,69085.25,69085.25,69714.43,-107.76,LONG (Close > 200 EMA | EMA9 Bounce | MACD > 0 Cross | ADX=15.8 | Vol > SMA20)
53,SHORT,2024-06-03 00:15:00,2024-06-03 01:00:00,67665.4,67920.98,67920.98,67154.23,-110.99,SHORT (Close < 200 EMA | EMA9 Rejection | MACD < 0 Cross | ADX=20.4 | Vol > SMA20)
54,LONG,2024-06-05 01:15:00,2024-06-05 14:00:00,71002.12,70543.73,70543.73,71918.9,-109.88,LONG (Close > 200 EMA | EMA9 Bounce | MACD > 0 Cross | ADX=20.9 | Vol > SMA20)
55,LONG,2024-06-05 15:15:00,2024-06-05 23:15:00,71543.57,70761.66,70761.66,73107.39,-108.78,LONG (Close > 200 EMA | EMA9 Bounce | MACD > 0 Cross | ADX=18.5 | Vol > SMA20)
56,SHORT,2024-06-11 15:30:00,2024-06-11 18:15:00,66125.68,67041.15,67041.15,64294.74,-107.7,SHORT (Close < 200 EMA | EMA9 Rejection | MACD < 0 Cross | ADX=59.8 | Vol > SMA20)
58,LONG,2024-06-20 10:45:00,2024-06-20 13:15:00,66209.49,65700.68,65700.68,67227.1,-108.75,LONG (Close > 200 EMA | EMA9 Bounce | MACD > 0 Cross | ADX=33.5 | Vol > SMA20)
59,LONG,2024-06-25 14:15:00,2024-06-25 18:00:00,62084.02,61163.04,61163.04,63925.98,-107.66,LONG (Close > 200 EMA | EMA9 Bounce | MACD > 0 Cross | ADX=24.9 | Vol > SMA20)
60,LONG,2024-06-28 01:15:00,2024-06-28 04:15:00,61940.01,61554.77,61554.77,62710.49,-106.59,LONG (Close > 200 EMA | EMA9 Bounce | MACD > 0 Cross | ADX=16.7 | Vol > SMA20)
61,LONG,2024-06-29 11:30:00,2024-06-29 14:15:00,61170.0,60956.77,60956.77,61596.46,-105.52,LONG (Close > 200 EMA | EMA9 Bounce | MACD > 0 Cross | ADX=28.6 | Vol > SMA20)
62,LONG,2024-06-30 22:15:00,2024-07-02 14:30:00,62942.57,61986.13,61986.13,64855.45,-104.47,LONG (Close > 200 EMA | EMA9 Bounce | MACD > 0 Cross | ADX=42.8 | Vol > SMA20)
65,LONG,2024-07-09 01:00:00,2024-07-09 02:00:00,57079.53,56338.14,56338.14,58562.3,-107.6,LONG (Close > 200 EMA | EMA9 Bounce | MACD > 0 Cross | ADX=20.7 | Vol > SMA20)
66,LONG,2024-07-09 14:00:00,2024-07-09 15:00:00,57851.15,57004.3,57004.3,59544.86,-106.52,LONG (Close > 200 EMA | EMA9 Bounce | MACD > 0 Cross | ADX=18.2 | Vol > SMA20)
67,SHORT,2024-07-10 19:00:00,2024-07-10 22:15:00,57391.84,57740.42,57740.42,56694.68,-105.46,SHORT (Close < 200 EMA | EMA9 Rejection | MACD < 0 Cross | ADX=43.9 | Vol > SMA20)
69,LONG,2024-07-15 22:00:00,2024-07-16 06:45:00,64135.64,63356.12,63356.12,65694.68,-106.49,LONG (Close > 200 EMA | EMA9 Bounce | MACD > 0 Cross | ADX=23.4 | Vol > SMA20)
70,LONG,2024-07-18 06:00:00,2024-07-18 10:15:00,64919.68,64612.68,64612.68,65533.68,-105.43,LONG (Close > 200 EMA | EMA9 Bounce | MACD > 0 Cross | ADX=16.1 | Vol > SMA20)
71,SHORT,2024-07-25 01:00:00,2024-07-25 21:15:00,64550.0,65666.25,65666.25,62317.5,-104.37,SHORT (Close < 200 EMA | EMA9 Rejection | MACD < 0 Cross | ADX=42.7 | Vol > SMA20)
72,LONG,2024-08-08 12:30:00,2024-08-08 13:45:00,58049.32,56989.9,56989.9,60168.15,-103.33,LONG (Close > 200 EMA | EMA9 Bounce | MACD > 0 Cross | ADX=20.7 | Vol > SMA20)
74,SHORT,2024-08-12 07:00:00,2024-08-12 07:30:00,58078.99,58592.1,58592.1,57052.77,-104.34,SHORT (Close < 200 EMA | EMA9 Rejection | MACD < 0 Cross | ADX=19.0 | Vol > SMA20)
75,SHORT,2024-08-15 01:45:00,2024-08-15 12:30:00,58204.93,59087.7,59087.7,56439.38,-103.3,SHORT (Close < 200 EMA | EMA9 Rejection | MACD < 0 Cross | ADX=37.9 | Vol > SMA20)
78,SHORT,2024-08-19 09:45:00,2024-08-19 13:15:00,58006.59,58646.93,58646.93,56725.9,-106.4,SHORT (Close < 200 EMA | EMA9 Rejection | MACD < 0 Cross | ADX=22.8 | Vol > SMA20)
80,LONG,2024-08-20 04:00:00,2024-08-20 11:15:00,60945.51,60462.94,60462.94,61910.66,-107.44,LONG (Close > 200 EMA | EMA9 Bounce | MACD > 0 Cross | ADX=64.3 | Vol > SMA20)
82,LONG,2024-08-24 06:30:00,2024-08-24 11:45:00,64197.38,63869.67,63869.67,64852.81,-108.49,LONG (Close > 200 EMA | EMA9 Bounce | MACD > 0 Cross | ADX=21.1 | Vol > SMA20)
85,SHORT,2024-08-27 00:45:00,2024-08-27 01:15:00,62722.0,63150.99,63150.99,61864.01,-111.75,SHORT (Close < 200 EMA | EMA9 Rejection | MACD < 0 Cross | ADX=35.5 | Vol > SMA20)
89,SHORT,2024-09-01 14:00:00,2024-09-01 15:45:00,57519.74,58299.91,58299.91,55959.4,-117.4,SHORT (Close < 200 EMA | EMA9 Rejection | MACD < 0 Cross | ADX=24.6 | Vol > SMA20)
90,LONG,2024-09-02 20:45:00,2024-09-03 13:30:00,58992.0,58502.48,58502.48,59971.03,-116.23,LONG (Close > 200 EMA | EMA9 Bounce | MACD > 0 Cross | ADX=16.4 | Vol > SMA20)
91,SHORT,2024-09-05 15:15:00,2024-09-06 02:00:00,55977.0,56790.92,56790.92,54349.15,-115.06,SHORT (Close < 200 EMA | EMA9 Rejection | MACD < 0 Cross | ADX=35.1 | Vol > SMA20)
93,LONG,2024-09-19 17:30:00,2024-09-19 19:15:00,63819.93,63217.61,63217.61,65024.57,-116.19,LONG (Close > 200 EMA | EMA9 Bounce | MACD > 0 Cross | ADX=31.2 | Vol > SMA20)
94,LONG,2024-09-21 17:00:00,2024-09-21 21:00:00,63322.0,63129.56,63129.56,63706.88,-115.03,LONG (Close > 200 EMA | EMA9 Bounce | MACD > 0 Cross | ADX=17.8 | Vol > SMA20)
95,SHORT,2024-09-22 16:00:00,2024-09-22 16:30:00,62491.39,62741.66,62741.66,61990.85,-113.88,SHORT (Close < 200 EMA | EMA9 Rejection | MACD < 0 Cross | ADX=16.2 | Vol > SMA20)
96,LONG,2024-09-27 14:00:00,2024-09-28 09:00:00,66072.0,65468.39,65468.39,67279.22,-112.74,LONG (Close > 200 EMA | EMA9 Bounce | MACD > 0 Cross | ADX=24.8 | Vol > SMA20)
97,LONG,2024-09-29 01:45:00,2024-09-29 04:15:00,65872.9,65700.48,65700.48,66217.74,-111.61,LONG (Close > 200 EMA | EMA9 Bounce | MACD > 0 Cross | ADX=17.9 | Vol > SMA20)
98,SHORT,2024-09-30 18:00:00,2024-09-30 20:45:00,63388.01,63851.13,63851.13,62461.76,-110.5,SHORT (Close < 200 EMA | EMA9 Rejection | MACD < 0 Cross | ADX=30.8 | Vol > SMA20)
99,LONG,2024-10-04 12:45:00,2024-10-04 14:00:00,61932.24,61264.4,61264.4,63267.92,-109.39,LONG (Close > 200 EMA | EMA9 Bounce | MACD > 0 Cross | ADX=28.6 | Vol > SMA20)
100,SHORT,2024-10-08 06:00:00,2024-10-08 11:30:00,62357.51,62622.8,62622.8,61826.93,-108.3,SHORT (Close < 200 EMA | EMA9 Rejection | MACD < 0 Cross | ADX=30.6 | Vol > SMA20)
101,SHORT,2024-10-09 12:30:00,2024-10-09 15:15:00,61878.0,62171.75,62171.75,61290.51,-107.22,SHORT (Close < 200 EMA | EMA9 Rejection | MACD < 0 Cross | ADX=24.4 | Vol > SMA20)
108,LONG,2024-10-24 19:15:00,2024-10-25 05:00:00,68094.0,67679.25,67679.25,68923.5,-119.54,LONG (Close > 200 EMA | EMA9 Bounce | MACD > 0 Cross | ADX=21.2 | Vol > SMA20)
113,LONG,2024-11-10 17:30:00,2024-11-10 19:45:00,80200.01,79653.27,79653.27,81293.49,-128.09,LONG (Close > 200 EMA | EMA9 Bounce | MACD > 0 Cross | ADX=19.5 | Vol > SMA20)
114,LONG,2024-11-12 06:30:00,2024-11-12 09:15:00,89419.99,88173.6,88173.6,91912.76,-126.81,LONG (Close > 200 EMA | EMA9 Bounce | MACD > 0 Cross | ADX=16.6 | Vol > SMA20)
115,SHORT,2024-11-17 01:30:00,2024-11-17 05:00:00,90168.7,90792.59,90792.59,88920.92,-125.55,SHORT (Close < 200 EMA | EMA9 Rejection | MACD < 0 Cross | ADX=25.3 | Vol > SMA20)
117,LONG,2024-11-22 07:15:00,2024-11-22 08:30:00,99232.78,98761.54,98761.54,100175.26,-126.78,LONG (Close > 200 EMA | EMA9 Bounce | MACD > 0 Cross | ADX=19.7 | Vol > SMA20)
118,LONG,2024-11-29 14:30:00,2024-11-29 17:15:00,97549.75,97005.1,97005.1,98639.05,-125.51,LONG (Close > 200 EMA | EMA9 Bounce | MACD > 0 Cross | ADX=32.2 | Vol > SMA20)
119,LONG,2024-12-02 01:15:00,2024-12-02 03:30:00,98047.98,97394.09,97394.09,99355.77,-124.25,LONG (Close > 200 EMA | EMA9 Bounce | MACD > 0 Cross | ADX=20.4 | Vol > SMA20)
120,SHORT,2024-12-04 16:00:00,2024-12-04 18:45:00,95203.5,96015.9,96015.9,93578.7,-123.01,SHORT (Close < 200 EMA | EMA9 Rejection | MACD < 0 Cross | ADX=28.8 | Vol > SMA20)
122,SHORT,2024-12-09 09:15:00,2024-12-09 14:15:00,98575.26,99302.06,99302.06,97121.66,-124.22,SHORT (Close < 200 EMA | EMA9 Rejection | MACD < 0 Cross | ADX=23.3 | Vol > SMA20)
123,SHORT,2024-12-10 02:45:00,2024-12-10 14:00:00,96660.01,97996.53,97996.53,93986.97,-122.97,SHORT (Close < 200 EMA | EMA9 Rejection | MACD < 0 Cross | ADX=33.7 | Vol > SMA20)
124,LONG,2024-12-12 02:45:00,2024-12-12 04:45:00,101824.76,100683.04,100683.04,104108.19,-121.74,LONG (Close > 200 EMA | EMA9 Bounce | MACD > 0 Cross | ADX=24.4 | Vol > SMA20)
126,LONG,2024-12-27 09:00:00,2024-12-27 14:30:00,97298.54,95420.55,95420.55,101054.51,-122.94,LONG (Close > 200 EMA | EMA9 Bounce | MACD > 0 Cross | ADX=16.9 | Vol > SMA20)
127,SHORT,2025-01-01 08:15:00,2025-01-01 12:15:00,93416.41,93835.35,93835.35,92578.53,-121.71,SHORT (Close < 200 EMA | EMA9 Rejection | MACD < 0 Cross | ADX=15.6 | Vol > SMA20)
130,SHORT,2025-01-08 11:30:00,2025-01-08 14:30:00,94783.99,95765.0,95765.0,92821.96,-125.36,SHORT (Close < 200 EMA | EMA9 Rejection | MACD < 0 Cross | ADX=38.3 | Vol > SMA20)
132,LONG,2025-01-21 16:00:00,2025-01-22 16:30:00,106043.46,103434.85,103434.85,111260.67,-126.59,LONG (Close > 200 EMA | EMA9 Bounce | MACD > 0 Cross | ADX=24.6 | Vol > SMA20)
133,SHORT,2025-01-23 03:45:00,2025-01-23 14:30:00,102461.25,103169.64,103169.64,101044.48,-125.32,SHORT (Close < 200 EMA | EMA9 Rejection | MACD < 0 Cross | ADX=31.7 | Vol > SMA20)
134,LONG,2025-01-24 14:30:00,2025-01-24 23:00:00,106222.0,104471.83,104471.83,109722.33,-124.07,LONG (Close > 200 EMA | EMA9 Bounce | MACD > 0 Cross | ADX=31.3 | Vol > SMA20)
135,LONG,2025-01-26 18:00:00,2025-01-26 21:00:00,105086.17,104844.15,104844.15,105570.21,-122.83,LONG (Close > 200 EMA | EMA9 Bounce | MACD > 0 Cross | ADX=25.3 | Vol > SMA20)
136,LONG,2025-01-29 19:30:00,2025-02-01 20:15:00,103448.29,101193.22,101193.22,107958.44,-121.6,LONG (Close > 200 EMA | EMA9 Bounce | MACD > 0 Cross | ADX=19.5 | Vol > SMA20)
139,SHORT,2025-02-05 22:15:00,2025-02-06 02:00:00,96530.87,97271.01,97271.01,95050.6,-125.25,SHORT (Close < 200 EMA | EMA9 Rejection | MACD < 0 Cross | ADX=24.5 | Vol > SMA20)
140,LONG,2025-02-06 09:00:00,2025-02-06 14:30:00,98656.79,97976.05,97976.05,100018.27,-123.99,LONG (Close > 200 EMA | EMA9 Bounce | MACD > 0 Cross | ADX=33.6 | Vol > SMA20)
141,SHORT,2025-02-09 21:30:00,2025-02-09 22:30:00,95036.26,96129.66,96129.66,92849.46,-122.75,SHORT (Close < 200 EMA | EMA9 Rejection | MACD < 0 Cross | ADX=22.1 | Vol > SMA20)
142,LONG,2025-02-14 03:45:00,2025-02-14 05:45:00,97129.98,96617.2,96617.2,98155.53,-121.53,LONG (Close > 200 EMA | EMA9 Bounce | MACD > 0 Cross | ADX=27.7 | Vol > SMA20)
143,SHORT,2025-02-17 11:30:00,2025-02-17 12:15:00,96045.18,96283.68,96283.68,95568.17,-120.31,SHORT (Close < 200 EMA | EMA9 Rejection | MACD < 0 Cross | ADX=16.6 | Vol > SMA20)
147,SHORT,2025-03-04 01:30:00,2025-03-04 18:45:00,83571.05,86287.45,86287.45,78138.24,-126.4,SHORT (Close < 200 EMA | EMA9 Rejection | MACD < 0 Cross | ADX=40.8 | Vol > SMA20)
148,SHORT,2025-03-07 00:15:00,2025-03-07 14:45:00,87037.48,90854.93,90854.93,79402.58,-125.13,SHORT (Close < 200 EMA | EMA9 Rejection | MACD < 0 Cross | ADX=23.7 | Vol > SMA20)
149,SHORT,2025-03-08 11:00:00,2025-03-08 12:30:00,85874.01,86261.39,86261.39,85099.26,-123.88,SHORT (Close < 200 EMA | EMA9 Rejection | MACD < 0 Cross | ADX=21.5 | Vol > SMA20)
150,SHORT,2025-03-11 00:15:00,2025-03-11 01:45:00,77309.01,79087.15,79087.15,73752.73,-122.64,SHORT (Close < 200 EMA | EMA9 Rejection | MACD < 0 Cross | ADX=19.5 | Vol > SMA20)
152,LONG,2025-03-19 18:45:00,2025-03-20 16:15:00,85612.25,84192.05,84192.05,88452.64,-123.85,LONG (Close > 200 EMA | EMA9 Bounce | MACD > 0 Cross | ADX=39.8 | Vol > SMA20)
154,SHORT,2025-03-31 00:15:00,2025-03-31 12:30:00,81989.68,82449.7,82449.7,81069.64,-125.06,SHORT (Close < 200 EMA | EMA9 Rejection | MACD < 0 Cross | ADX=21.2 | Vol > SMA20)
158,SHORT,2025-04-09 01:00:00,2025-04-09 04:45:00,75316.03,76840.64,76840.64,72266.81,-131.39,SHORT (Close < 200 EMA | EMA9 Rejection | MACD < 0 Cross | ADX=40.8 | Vol > SMA20)
160,LONG,2025-04-16 14:15:00,2025-04-16 17:45:00,84357.99,83763.74,83763.74,85546.49,-132.68,LONG (Close > 200 EMA | EMA9 Bounce | MACD > 0 Cross | ADX=20.6 | Vol > SMA20)
162,SHORT,2025-05-03 08:00:00,2025-05-03 08:30:00,96160.01,96390.04,96390.04,95699.94,-133.98,SHORT (Close < 200 EMA | EMA9 Rejection | MACD < 0 Cross | ADX=26.0 | Vol > SMA20)
163,SHORT,2025-05-03 10:30:00,2025-05-03 13:30:00,95937.62,96289.03,96289.03,95234.8,-132.64,SHORT (Close < 200 EMA | EMA9 Rejection | MACD < 0 Cross | ADX=28.0 | Vol > SMA20)
164,SHORT,2025-05-05 13:30:00,2025-05-05 14:00:00,93887.22,94356.52,94356.52,92948.63,-131.31,SHORT (Close < 200 EMA | EMA9 Rejection | MACD < 0 Cross | ADX=28.7 | Vol > SMA20)
165,SHORT,2025-05-06 13:45:00,2025-05-06 14:00:00,93616.92,94119.72,94119.72,92611.33,-130.0,SHORT (Close < 200 EMA | EMA9 Rejection | MACD < 0 Cross | ADX=28.0 | Vol > SMA20)
168,LONG,2025-05-13 16:00:00,2025-05-14 08:45:00,104314.44,103339.26,103339.26,106264.8,-133.9,LONG (Close > 200 EMA | EMA9 Bounce | MACD > 0 Cross | ADX=25.0 | Vol > SMA20)
170,LONG,2025-05-20 01:15:00,2025-05-20 03:45:00,106109.97,105543.2,105543.2,107243.5,-135.21,LONG (Close > 200 EMA | EMA9 Bounce | MACD > 0 Cross | ADX=38.5 | Vol > SMA20)
171,LONG,2025-05-21 04:30:00,2025-05-21 07:30:00,107521.4,106618.33,106618.33,109327.54,-133.86,LONG (Close > 200 EMA | EMA9 Bounce | MACD > 0 Cross | ADX=21.2 | Vol > SMA20)
172,LONG,2025-05-22 12:15:00,2025-05-22 14:00:00,111285.71,110621.2,110621.2,112614.74,-132.52,LONG (Close > 200 EMA | EMA9 Bounce | MACD > 0 Cross | ADX=19.2 | Vol > SMA20)
173,SHORT,2025-05-25 15:15:00,2025-05-25 18:15:00,106835.71,107451.01,107451.01,105605.11,-131.19,SHORT (Close < 200 EMA | EMA9 Rejection | MACD < 0 Cross | ADX=24.5 | Vol > SMA20)
175,SHORT,2025-05-30 00:45:00,2025-05-30 02:15:00,104939.99,106042.39,106042.39,102735.2,-132.48,SHORT (Close < 200 EMA | EMA9 Rejection | MACD < 0 Cross | ADX=36.3 | Vol > SMA20)
178,SHORT,2025-05-30 22:30:00,2025-05-31 15:15:00,103994.2,104655.0,104655.0,102672.6,-136.45,SHORT (Close < 200 EMA | EMA9 Rejection | MACD < 0 Cross | ADX=20.7 | Vol > SMA20)
180,LONG,2025-06-10 23:30:00,2025-06-11 01:15:00,110169.77,109638.42,109638.42,111232.47,-137.79,LONG (Close > 200 EMA | EMA9 Bounce | MACD > 0 Cross | ADX=15.6 | Vol > SMA20)
181,SHORT,2025-06-14 20:00:00,2025-06-14 20:30:00,104372.41,104843.55,104843.55,103430.13,-136.41,SHORT (Close < 200 EMA | EMA9 Rejection | MACD < 0 Cross | ADX=25.6 | Vol > SMA20)
183,SHORT,2025-06-18 13:00:00,2025-06-18 14:00:00,104054.85,104672.34,104672.34,102819.87,-137.75,SHORT (Close < 200 EMA | EMA9 Rejection | MACD < 0 Cross | ADX=22.5 | Vol > SMA20)
184,LONG,2025-06-23 13:30:00,2025-06-23 16:15:00,101999.99,100625.22,100625.22,104749.54,-136.37,LONG (Close > 200 EMA | EMA9 Bounce | MACD > 0 Cross | ADX=21.9 | Vol > SMA20)
185,SHORT,2025-07-02 00:45:00,2025-07-02 01:30:00,105392.3,105698.98,105698.98,104778.94,-135.01,SHORT (Close < 200 EMA | EMA9 Rejection | MACD < 0 Cross | ADX=17.6 | Vol > SMA20)
190,SHORT,2025-07-18 14:15:00,2025-07-21 06:30:00,117950.25,119238.28,119238.28,115374.19,-144.67,SHORT (Close < 200 EMA | EMA9 Rejection | MACD < 0 Cross | ADX=21.6 | Vol > SMA20)
191,LONG,2025-07-28 05:30:00,2025-07-28 07:00:00,119514.75,119158.82,119158.82,120226.61,-143.23,LONG (Close > 200 EMA | EMA9 Bounce | MACD > 0 Cross | ADX=16.0 | Vol > SMA20)
192,SHORT,2025-07-29 01:45:00,2025-07-29 03:00:00,117774.16,118295.94,118295.94,116730.6,-141.8,SHORT (Close < 200 EMA | EMA9 Rejection | MACD < 0 Cross | ADX=16.9 | Vol > SMA20)
193,SHORT,2025-07-29 20:00:00,2025-07-29 20:15:00,117228.3,117782.59,117782.59,116119.72,-140.38,SHORT (Close < 200 EMA | EMA9 Rejection | MACD < 0 Cross | ADX=26.7 | Vol > SMA20)
195,LONG,2025-08-10 12:00:00,2025-08-10 20:15:00,118510.6,118114.15,118114.15,119303.51,-141.75,LONG (Close > 200 EMA | EMA9 Bounce | MACD > 0 Cross | ADX=17.2 | Vol > SMA20)
196,LONG,2025-08-13 13:45:00,2025-08-14 12:30:00,121767.97,120106.82,120106.82,125090.27,-140.34,LONG (Close > 200 EMA | EMA9 Bounce | MACD > 0 Cross | ADX=25.1 | Vol > SMA20)
197,SHORT,2025-08-21 15:00:00,2025-08-22 14:00:00,112700.03,113562.47,113562.47,110975.15,-138.93,SHORT (Close < 200 EMA | EMA9 Rejection | MACD < 0 Cross | ADX=19.5 | Vol > SMA20)
199,LONG,2025-09-03 14:30:00,2025-09-04 03:30:00,112475.99,111259.89,111259.89,114908.18,-140.29,LONG (Close > 200 EMA | EMA9 Bounce | MACD > 0 Cross | ADX=29.8 | Vol > SMA20)
200,LONG,2025-09-05 12:45:00,2025-09-05 14:00:00,113214.78,112386.37,112386.37,114871.6,-138.89,LONG (Close > 200 EMA | EMA9 Bounce | MACD > 0 Cross | ADX=39.3 | Vol > SMA20)
201,LONG,2025-09-10 23:45:00,2025-09-11 00:30:00,113960.0,113691.42,113691.42,114497.16,-137.5,LONG (Close > 200 EMA | EMA9 Bounce | MACD > 0 Cross | ADX=18.2 | Vol > SMA20)
202,LONG,2025-09-11 05:30:00,2025-09-11 07:00:00,114292.52,114028.17,114028.17,114821.21,-136.13,LONG (Close > 200 EMA | EMA9 Bounce | MACD > 0 Cross | ADX=19.5 | Vol > SMA20)
203,LONG,2025-09-14 02:00:00,2025-09-14 02:30:00,116109.0,115885.11,115885.11,116556.77,-134.77,LONG (Close > 200 EMA | EMA9 Bounce | MACD > 0 Cross | ADX=16.7 | Vol > SMA20)
204,SHORT,2025-09-16 13:30:00,2025-09-16 15:45:00,115085.35,115599.5,115599.5,114057.06,-133.42,SHORT (Close < 200 EMA | EMA9 Rejection | MACD < 0 Cross | ADX=19.8 | Vol > SMA20)
205,LONG,2025-09-17 05:45:00,2025-09-17 10:00:00,117108.3,116495.68,116495.68,118333.54,-132.08,LONG (Close > 200 EMA | EMA9 Bounce | MACD > 0 Cross | ADX=17.2 | Vol > SMA20)
208,SHORT,2025-09-24 03:15:00,2025-09-24 04:30:00,111785.25,112326.54,112326.54,110702.67,-136.05,SHORT (Close < 200 EMA | EMA9 Rejection | MACD < 0 Cross | ADX=17.7 | Vol > SMA20)
209,SHORT,2025-09-25 13:30:00,2025-09-28 22:30:00,110720.91,111896.44,111896.44,108369.85,-134.68,SHORT (Close < 200 EMA | EMA9 Rejection | MACD < 0 Cross | ADX=26.1 | Vol > SMA20)
210,LONG,2025-09-29 12:15:00,2025-09-29 12:30:00,112374.89,112044.29,112044.29,113036.09,-133.34,LONG (Close > 200 EMA | EMA9 Bounce | MACD > 0 Cross | ADX=24.4 | Vol > SMA20)
212,LONG,2025-10-06 15:15:00,2025-10-06 21:15:00,125172.4,124530.85,124530.85,126455.5,-134.64,LONG (Close > 200 EMA | EMA9 Bounce | MACD > 0 Cross | ADX=26.2 | Vol > SMA20)
213,SHORT,2025-10-07 06:15:00,2025-10-07 11:30:00,123891.55,124450.95,124450.95,122772.74,-133.3,SHORT (Close < 200 EMA | EMA9 Rejection | MACD < 0 Cross | ADX=35.1 | Vol > SMA20)
214,SHORT,2025-10-08 03:15:00,2025-10-08 08:15:00,121453.24,121981.42,121981.42,120396.89,-131.97,SHORT (Close < 200 EMA | EMA9 Rejection | MACD < 0 Cross | ADX=21.2 | Vol > SMA20)
217,LONG,2025-10-26 22:00:00,2025-10-28 20:00:00,114616.64,113322.79,113322.79,117204.33,-135.92,LONG (Close > 200 EMA | EMA9 Bounce | MACD > 0 Cross | ADX=29.3 | Vol > SMA20)
219,SHORT,2025-11-06 12:30:00,2025-11-06 13:15:00,102449.13,103147.34,103147.34,101052.7,-137.26,SHORT (Close < 200 EMA | EMA9 Rejection | MACD < 0 Cross | ADX=22.2 | Vol > SMA20)
221,SHORT,2025-11-16 01:30:00,2025-11-16 02:15:00,95003.54,95589.6,95589.6,93831.41,-138.6,SHORT (Close < 200 EMA | EMA9 Rejection | MACD < 0 Cross | ADX=27.4 | Vol > SMA20)
223,SHORT,2025-11-21 12:15:00,2025-11-21 12:30:00,80945.66,82659.24,82659.24,77518.49,-139.96,SHORT (Close < 200 EMA | EMA9 Rejection | MACD < 0 Cross | ADX=62.8 | Vol > SMA20)
224,SHORT,2025-12-05 16:00:00,2025-12-07 17:15:00,89362.56,90749.67,90749.67,86588.34,-138.56,SHORT (Close < 200 EMA | EMA9 Rejection | MACD < 0 Cross | ADX=34.5 | Vol > SMA20)
226,SHORT,2025-12-11 14:45:00,2025-12-11 15:15:00,89545.24,90477.8,90477.8,87680.13,-139.92,SHORT (Close < 200 EMA | EMA9 Rejection | MACD < 0 Cross | ADX=22.5 | Vol > SMA20)
227,SHORT,2025-12-11 15:30:00,2025-12-11 18:15:00,89806.84,90455.74,90455.74,88509.04,-138.52,SHORT (Close < 200 EMA | EMA9 Rejection | MACD < 0 Cross | ADX=25.4 | Vol > SMA20)
228,LONG,2025-12-16 15:45:00,2025-12-17 04:15:00,87977.43,86983.75,86983.75,89964.79,-137.13,LONG (Close > 200 EMA | EMA9 Bounce | MACD > 0 Cross | ADX=23.0 | Vol > SMA20)
230,LONG,2025-12-20 23:00:00,2025-12-21 01:30:00,88330.33,88213.46,88213.46,88564.08,-138.48,LONG (Close > 200 EMA | EMA9 Bounce | MACD > 0 Cross | ADX=19.0 | Vol > SMA20)
231,LONG,2025-12-30 14:45:00,2025-12-30 20:45:00,88875.83,87892.49,87892.49,90842.52,-137.09,LONG (Close > 200 EMA | EMA9 Bounce | MACD > 0 Cross | ADX=32.1 | Vol > SMA20)
236,LONG,2026-01-15 14:00:00,2026-01-15 14:15:00,97139.27,96742.84,96742.84,97932.13,-146.91,LONG (Close > 200 EMA | EMA9 Bounce | MACD > 0 Cross | ADX=20.4 | Vol > SMA20)
237,SHORT,2026-01-20 22:30:00,2026-01-21 05:30:00,88579.02,89713.75,89713.75,86309.56,-145.44,SHORT (Close < 200 EMA | EMA9 Rejection | MACD < 0 Cross | ADX=36.0 | Vol > SMA20)
243,LONG,2026-02-12 13:45:00,2026-02-12 14:30:00,68376.58,67841.61,67841.61,69446.52,-158.97,LONG (Close > 200 EMA | EMA9 Bounce | MACD > 0 Cross | ADX=27.9 | Vol > SMA20)
245,LONG,2026-02-16 12:15:00,2026-02-16 13:15:00,69505.01,68685.33,68685.33,71144.37,-160.53,LONG (Close > 200 EMA | EMA9 Bounce | MACD > 0 Cross | ADX=17.8 | Vol > SMA20)
246,LONG,2026-02-17 02:00:00,2026-02-17 05:15:00,69124.74,68256.13,68256.13,70861.96,-158.92,LONG (Close > 200 EMA | EMA9 Bounce | MACD > 0 Cross | ADX=28.1 | Vol > SMA20)
247,SHORT,2026-02-17 14:30:00,2026-02-18 08:15:00,67103.87,68407.78,68407.78,64496.04,-157.33,SHORT (Close < 200 EMA | EMA9 Rejection | MACD < 0 Cross | ADX=22.7 | Vol > SMA20)
248,LONG,2026-02-20 05:30:00,2026-02-20 11:45:00,67910.17,67314.12,67314.12,69102.27,-155.76,LONG (Close > 200 EMA | EMA9 Bounce | MACD > 0 Cross | ADX=21.8 | Vol > SMA20)
249,SHORT,2026-02-22 17:30:00,2026-02-22 21:30:00,67260.75,67614.48,67614.48,66553.28,-154.2,SHORT (Close < 200 EMA | EMA9 Rejection | MACD < 0 Cross | ADX=32.6 | Vol > SMA20)
251,SHORT,2026-03-08 02:45:00,2026-03-08 08:30:00,66925.44,67496.67,67496.67,65782.98,-155.72,SHORT (Close < 200 EMA | EMA9 Rejection | MACD < 0 Cross | ADX=47.7 | Vol > SMA20)
252,SHORT,2026-03-11 07:30:00,2026-03-11 13:00:00,69519.99,69902.16,69902.16,68755.64,-154.16,SHORT (Close < 200 EMA | EMA9 Rejection | MACD < 0 Cross | ADX=15.3 | Vol > SMA20)
253,LONG,2026-03-13 12:45:00,2026-03-13 15:00:00,72784.73,72218.0,72218.0,73918.2,-152.62,LONG (Close > 200 EMA | EMA9 Bounce | MACD > 0 Cross | ADX=33.8 | Vol > SMA20)
255,SHORT,2026-03-23 00:30:00,2026-03-23 01:30:00,67689.52,68150.67,68150.67,66767.21,-154.11,SHORT (Close < 200 EMA | EMA9 Rejection | MACD < 0 Cross | ADX=30.6 | Vol > SMA20)
257,LONG,2026-03-31 20:00:00,2026-04-01 02:15:00,68146.88,67656.15,67656.15,69128.34,-155.62,LONG (Close > 200 EMA | EMA9 Bounce | MACD > 0 Cross | ADX=23.4 | Vol > SMA20)
258,LONG,2026-04-04 13:30:00,2026-04-04 14:30:00,67239.97,67067.11,67067.11,67585.69,-154.07,LONG (Close > 200 EMA | EMA9 Bounce | MACD > 0 Cross | ADX=28.0 | Vol > SMA20)
259,SHORT,2026-04-05 05:45:00,2026-04-05 10:30:00,66931.65,67138.42,67138.42,66518.12,-152.53,SHORT (Close < 200 EMA | EMA9 Rejection | MACD < 0 Cross | ADX=27.8 | Vol > SMA20)
261,LONG,2026-04-06 09:00:00,2026-04-06 22:45:00,69633.59,69112.65,69112.65,70675.47,-154.02,LONG (Close > 200 EMA | EMA9 Bounce | MACD > 0 Cross | ADX=40.1 | Vol > SMA20)
262,SHORT,2026-04-12 12:45:00,2026-04-13 13:45:00,71084.01,71556.22,71556.22,70139.6,-152.48,SHORT (Close < 200 EMA | EMA9 Rejection | MACD < 0 Cross | ADX=40.5 | Vol > SMA20)
264,LONG,2026-04-14 13:30:00,2026-04-14 17:30:00,75188.5,74398.98,74398.98,76767.54,-153.97,LONG (Close > 200 EMA | EMA9 Bounce | MACD > 0 Cross | ADX=25.8 | Vol > SMA20)
265,LONG,2026-04-15 22:00:00,2026-04-16 00:00:00,75040.14,74614.06,74614.06,75892.3,-152.43,LONG (Close > 200 EMA | EMA9 Bounce | MACD > 0 Cross | ADX=23.6 | Vol > SMA20)
266,SHORT,2026-04-16 13:45:00,2026-04-16 15:30:00,73788.03,74746.89,74746.89,71870.31,-150.91,SHORT (Close < 200 EMA | EMA9 Rejection | MACD < 0 Cross | ADX=22.2 | Vol > SMA20)
268,SHORT,2026-04-19 21:45:00,2026-04-20 07:15:00,74425.15,74915.45,74915.45,73444.55,-152.39,SHORT (Close < 200 EMA | EMA9 Rejection | MACD < 0 Cross | ADX=42.3 | Vol > SMA20)
269,SHORT,2026-04-21 19:30:00,2026-04-21 23:30:00,74866.0,75966.61,75966.61,72664.78,-150.87,SHORT (Close < 200 EMA | EMA9 Rejection | MACD < 0 Cross | ADX=16.6 | Vol > SMA20)
272,SHORT,2026-04-29 18:00:00,2026-04-30 01:45:00,75192.52,76442.47,76442.47,72692.63,-155.39,SHORT (Close < 200 EMA | EMA9 Rejection | MACD < 0 Cross | ADX=43.8 | Vol > SMA20)
273,LONG,2026-05-03 20:15:00,2026-05-03 21:30:00,78921.69,78680.33,78680.33,79404.41,-153.84,LONG (Close > 200 EMA | EMA9 Bounce | MACD > 0 Cross | ADX=20.6 | Vol > SMA20)
274,LONG,2026-05-03 22:00:00,2026-05-03 23:15:00,79259.35,78746.06,78746.06,80285.93,-152.3,LONG (Close > 200 EMA | EMA9 Bounce | MACD > 0 Cross | ADX=27.4 | Vol > SMA20)
275,LONG,2026-05-04 01:45:00,2026-05-04 10:00:00,79769.43,78658.42,78658.42,81991.46,-150.78,LONG (Close > 200 EMA | EMA9 Bounce | MACD > 0 Cross | ADX=23.4 | Vol > SMA20)
276,LONG,2026-05-05 15:00:00,2026-05-05 16:30:00,81564.86,81103.66,81103.66,82487.26,-149.27,LONG (Close > 200 EMA | EMA9 Bounce | MACD > 0 Cross | ADX=31.4 | Vol > SMA20)
278,SHORT,2026-05-12 15:15:00,2026-05-12 18:45:00,80222.0,80737.26,80737.26,79191.48,-150.73,SHORT (Close < 200 EMA | EMA9 Rejection | MACD < 0 Cross | ADX=34.0 | Vol > SMA20)
279,SHORT,2026-05-24 21:30:00,2026-05-24 22:00:00,76147.39,76655.64,76655.64,75130.89,-149.22,SHORT (Close < 200 EMA | EMA9 Rejection | MACD < 0 Cross | ADX=19.6 | Vol > SMA20)
283,SHORT,2026-06-03 03:15:00,2026-06-03 05:00:00,66147.81,66802.15,66802.15,64839.14,-156.77,SHORT (Close < 200 EMA | EMA9 Rejection | MACD < 0 Cross | ADX=36.6 | Vol > SMA20)
285,LONG,2026-06-12 04:15:00,2026-06-12 05:30:00,63797.51,63420.28,63420.28,64551.97,-158.31,LONG (Close > 200 EMA | EMA9 Bounce | MACD > 0 Cross | ADX=18.4 | Vol > SMA20)
288,LONG,2026-06-21 03:30:00,2026-06-21 05:00:00,64452.01,64261.63,64261.63,64832.77,-163.06,LONG (Close > 200 EMA | EMA9 Bounce | MACD > 0 Cross | ADX=43.4 | Vol > SMA20)
290,SHORT,2026-06-29 02:00:00,2026-06-29 02:30:00,59023.9,59664.81,59664.81,57742.08,-164.66,SHORT (Close < 200 EMA | EMA9 Rejection | MACD < 0 Cross | ADX=16.3 | Vol > SMA20)
292,SHORT,2026-07-06 11:45:00,2026-07-06 15:45:00,62483.84,63079.33,63079.33,61292.86,-166.27,SHORT (Close < 200 EMA | EMA9 Rejection | MACD < 0 Cross | ADX=20.3 | Vol > SMA20)
293,SHORT,2026-07-08 15:00:00,2026-07-08 16:30:00,61608.14,62037.36,62037.36,60749.7,-164.61,SHORT (Close < 200 EMA | EMA9 Rejection | MACD < 0 Cross | ADX=25.4 | Vol > SMA20)
295,SHORT,2026-07-17 13:00:00,2026-07-17 13:45:00,62817.37,63175.03,63175.03,62102.05,-166.22,SHORT (Close < 200 EMA | EMA9 Rejection | MACD < 0 Cross | ADX=23.7 | Vol > SMA20)
297,SHORT,2026-07-19 21:30:00,2026-07-19 22:00:00,64352.95,64518.55,64518.55,64021.76,-167.85,SHORT (Close < 200 EMA | EMA9 Rejection | MACD < 0 Cross | ADX=26.9 | Vol > SMA20)
298,LONG,2026-07-26 03:00:00,2026-07-26 05:30:00,64576.0,64460.16,64460.16,64807.67,-166.17,LONG (Close > 200 EMA | EMA9 Bounce | MACD > 0 Cross | ADX=36.7 | Vol > SMA20)
300,LONG,2026-07-31 01:00:00,2026-07-31 01:45:00,65189.32,64643.31,64643.31,66281.34,-167.8,LONG (Close > 200 EMA | EMA9 Bounce | MACD > 0 Cross | ADX=30.3 | Vol > SMA20)
